{"type":"log","show":{"tags":false,"location":false,"time":false,"date":false},"context":{"tags":[],"file":false,"time":1528619150532,"location":{"filename":"https.js","line":40}},"args":{"0":" "},"contextString":"","argsString":" ","message":" "}
{"type":"log","show":{"tags":false,"location":false,"time":false,"date":false},"context":{"tags":[],"file":false,"time":1528619150535,"location":{"filename":"https.js","line":41}},"args":{"0":"Server listening at https://localhost:443/"},"contextString":"","argsString":"Server listening at https://localhost:443/","message":"Server listening at https://localhost:443/"}
{"type":"log","show":{"tags":false,"location":false,"time":false,"date":false},"context":{"tags":[],"file":false,"time":1528619164722,"location":{"filename":"https.js","line":40}},"args":{"0":" "},"contextString":"","argsString":" ","message":" "}
{"type":"log","show":{"tags":false,"location":false,"time":false,"date":false},"context":{"tags":[],"file":false,"time":1528619164726,"location":{"filename":"https.js","line":41}},"args":{"0":"Server listening at https://localhost:443/"},"contextString":"","argsString":"Server listening at https://localhost:443/","message":"Server listening at https://localhost:443/"}
{"type":"log","show":{"tags":false,"location":false,"time":false,"date":false},"context":{"tags":[],"file":false,"time":1528619258009,"location":{"filename":"https.js","line":40}},"args":{"0":" "},"contextString":"","argsString":" ","message":" "}
{"type":"log","show":{"tags":false,"location":false,"time":false,"date":false},"context":{"tags":[],"file":false,"time":1528619258013,"location":{"filename":"https.js","line":41}},"args":{"0":"Server listening at https://localhost:443/"},"contextString":"","argsString":"Server listening at https://localhost:443/","message":"Server listening at https://localhost:443/"}
{"type":"log","show":{"tags":false,"location":false,"time":false,"date":false},"context":{"tags":[],"file":false,"time":1528619556020,"location":{"filename":"https.js","line":64}},"args":{"0":{}},"contextString":"","argsString":"{}","message":"{}"}
{"type":"log","show":{"tags":false,"location":false,"time":false,"date":false},"context":{"tags":[],"file":false,"time":1528619558177,"location":{"filename":"https.js","line":64}},"args":{"0":{}},"contextString":"","argsString":"{}","message":"{}"}
{"type":"log","show":{"tags":false,"location":false,"time":false,"date":false},"context":{"tags":[],"file":false,"time":1528619558321,"location":{"filename":"https.js","line":64}},"args":{"0":{}},"contextString":"","argsString":"{}","message":"{}"}
{"type":"log","show":{"tags":false,"location":false,"time":false,"date":false},"context":{"tags":[],"file":false,"time":1528619558506,"location":{"filename":"https.js","line":64}},"args":{"0":{}},"contextString":"","argsString":"{}","message":"{}"}
{"type":"log","show":{"tags":false,"location":false,"time":false,"date":false},"context":{"tags":[],"file":false,"time":1528619558568,"location":{"filename":"https.js","line":64}},"args":{"0":{}},"contextString":"","argsString":"{}","message":"{}"}
{"type":"log","show":{"tags":false,"location":false,"time":false,"date":false},"context":{"tags":[],"file":false,"time":1528619698789,"location":{"filename":"https.js","line":59}},"args":{"0":" "},"contextString":"","argsString":" ","message":" "}
{"type":"log","show":{"tags":false,"location":false,"time":false,"date":false},"context":{"tags":[],"file":false,"time":1528619698793,"location":{"filename":"https.js","line":60}},"args":{"0":"Server listening at https://localhost:443/"},"contextString":"","argsString":"Server listening at https://localhost:443/","message":"Server listening at https://localhost:443/"}
{"type":"log","show":{"tags":false,"location":false,"time":false,"date":false},"context":{"tags":[],"file":false,"time":1528619745509,"location":{"filename":"https.js","line":71}},"args":{"0":" "},"contextString":"","argsString":" ","message":" "}
{"type":"log","show":{"tags":false,"location":false,"time":false,"date":false},"context":{"tags":[],"file":false,"time":1528619745509,"location":{"filename":"https.js","line":72}},"args":{"0":"-----------------------------------"},"contextString":"","argsString":"-----------------------------------","message":"-----------------------------------"}
{"type":"log","show":{"tags":false,"location":false,"time":false,"date":false},"context":{"tags":[],"file":false,"time":1528619745509,"location":{"filename":"https.js","line":73}},"args":{"0":"Auth Checker"},"contextString":"","argsString":"Auth Checker","message":"Auth Checker"}
{"type":"log","show":{"tags":false,"location":false,"time":false,"date":false},"context":{"tags":[],"file":false,"time":1528619745509,"location":{"filename":"https.js","line":74}},"args":{"0":"authorized: false"},"contextString":"","argsString":"authorized: false","message":"authorized: false"}
{"type":"log","show":{"tags":false,"location":false,"time":false,"date":false},"context":{"tags":[],"file":false,"time":1528619745509,"location":{"filename":"https.js","line":75}},"args":{"0":"req.url: /"},"contextString":"","argsString":"req.url: /","message":"req.url: /"}
{"type":"log","show":{"tags":false,"location":false,"time":false,"date":false},"context":{"tags":[],"file":false,"time":1528619745511,"location":{"filename":"https.js","line":90}},"args":{"0":"-----------------------------------"},"contextString":"","argsString":"-----------------------------------","message":"-----------------------------------"}
{"type":"log","show":{"tags":false,"location":false,"time":false,"date":false},"context":{"tags":[],"file":false,"time":1528619745511,"location":{"filename":"https.js","line":91}},"args":{"0":" "},"contextString":"","argsString":" ","message":" "}
{"type":"log","show":{"tags":false,"location":false,"time":false,"date":false},"context":{"tags":[],"file":false,"time":1528619745751,"location":{"filename":"https.js","line":71}},"args":{"0":" "},"contextString":"","argsString":" ","message":" "}
{"type":"log","show":{"tags":false,"location":false,"time":false,"date":false},"context":{"tags":[],"file":false,"time":1528619745751,"location":{"filename":"https.js","line":72}},"args":{"0":"-----------------------------------"},"contextString":"","argsString":"-----------------------------------","message":"-----------------------------------"}
{"type":"log","show":{"tags":false,"location":false,"time":false,"date":false},"context":{"tags":[],"file":false,"time":1528619745751,"location":{"filename":"https.js","line":73}},"args":{"0":"Auth Checker"},"contextString":"","argsString":"Auth Checker","message":"Auth Checker"}
{"type":"log","show":{"tags":false,"location":false,"time":false,"date":false},"context":{"tags":[],"file":false,"time":1528619745752,"location":{"filename":"https.js","line":74}},"args":{"0":"authorized: false"},"contextString":"","argsString":"authorized: false","message":"authorized: false"}
{"type":"log","show":{"tags":false,"location":false,"time":false,"date":false},"context":{"tags":[],"file":false,"time":1528619745752,"location":{"filename":"https.js","line":75}},"args":{"0":"req.url: /favicon.ico"},"contextString":"","argsString":"req.url: /favicon.ico","message":"req.url: /favicon.ico"}
{"type":"log","show":{"tags":false,"location":false,"time":false,"date":false},"context":{"tags":[],"file":false,"time":1528619745752,"location":{"filename":"https.js","line":90}},"args":{"0":"-----------------------------------"},"contextString":"","argsString":"-----------------------------------","message":"-----------------------------------"}
{"type":"log","show":{"tags":false,"location":false,"time":false,"date":false},"context":{"tags":[],"file":false,"time":1528619745753,"location":{"filename":"https.js","line":91}},"args":{"0":" "},"contextString":"","argsString":" ","message":" "}
{"type":"log","show":{"tags":false,"location":false,"time":false,"date":false},"context":{"tags":[],"file":false,"time":1528619887611,"location":{"filename":"https.js","line":72}},"args":{"0":"-----------------------------------"},"contextString":"","argsString":"-----------------------------------","message":"-----------------------------------"}
{"type":"log","show":{"tags":false,"location":false,"time":false,"date":false},"context":{"tags":[],"file":false,"time":1528619887611,"location":{"filename":"https.js","line":71}},"args":{"0":" "},"contextString":"","argsString":" ","message":" "}
{"type":"log","show":{"tags":false,"location":false,"time":false,"date":false},"context":{"tags":[],"file":false,"time":1528619887611,"location":{"filename":"https.js","line":73}},"args":{"0":"Auth Checker"},"contextString":"","argsString":"Auth Checker","message":"Auth Checker"}
{"type":"log","show":{"tags":false,"location":false,"time":false,"date":false},"context":{"tags":[],"file":false,"time":1528619887611,"location":{"filename":"https.js","line":74}},"args":{"0":"authorized: false"},"contextString":"","argsString":"authorized: false","message":"authorized: false"}
{"type":"log","show":{"tags":false,"location":false,"time":false,"date":false},"context":{"tags":[],"file":false,"time":1528619887611,"location":{"filename":"https.js","line":75}},"args":{"0":"req.url: /"},"contextString":"","argsString":"req.url: /","message":"req.url: /"}
{"type":"log","show":{"tags":false,"location":false,"time":false,"date":false},"context":{"tags":[],"file":false,"time":1528619887612,"location":{"filename":"https.js","line":90}},"args":{"0":"-----------------------------------"},"contextString":"","argsString":"-----------------------------------","message":"-----------------------------------"}
{"type":"log","show":{"tags":false,"location":false,"time":false,"date":false},"context":{"tags":[],"file":false,"time":1528619887612,"location":{"filename":"https.js","line":91}},"args":{"0":" "},"contextString":"","argsString":" ","message":" "}
{"type":"log","show":{"tags":false,"location":false,"time":false,"date":false},"context":{"tags":[],"file":false,"time":1528619981146,"location":{"filename":"https.js","line":59}},"args":{"0":" "},"contextString":"","argsString":" ","message":" "}
{"type":"log","show":{"tags":false,"location":false,"time":false,"date":false},"context":{"tags":[],"file":false,"time":1528619981150,"location":{"filename":"https.js","line":60}},"args":{"0":"Server listening at https://localhost:8080/"},"contextString":"","argsString":"Server listening at https://localhost:8080/","message":"Server listening at https://localhost:8080/"}
{"type":"log","show":{"tags":false,"location":false,"time":false,"date":false},"context":{"tags":[],"file":false,"time":1528620033053,"location":{"filename":"https.js","line":59}},"args":{"0":" "},"contextString":"","argsString":" ","message":" "}
{"type":"log","show":{"tags":false,"location":false,"time":false,"date":false},"context":{"tags":[],"file":false,"time":1528620033063,"location":{"filename":"https.js","line":60}},"args":{"0":"Server listening at https://localhost:443/"},"contextString":"","argsString":"Server listening at https://localhost:443/","message":"Server listening at https://localhost:443/"}
{"type":"log","show":{"tags":false,"location":false,"time":false,"date":false},"context":{"tags":[],"file":false,"time":1528620125579,"location":{"filename":"https.js","line":71}},"args":{"0":" "},"contextString":"","argsString":" ","message":" "}
{"type":"log","show":{"tags":false,"location":false,"time":false,"date":false},"context":{"tags":[],"file":false,"time":1528620125579,"location":{"filename":"https.js","line":72}},"args":{"0":"-----------------------------------"},"contextString":"","argsString":"-----------------------------------","message":"-----------------------------------"}
{"type":"log","show":{"tags":false,"location":false,"time":false,"date":false},"context":{"tags":[],"file":false,"time":1528620125579,"location":{"filename":"https.js","line":73}},"args":{"0":"Auth Checker"},"contextString":"","argsString":"Auth Checker","message":"Auth Checker"}
{"type":"log","show":{"tags":false,"location":false,"time":false,"date":false},"context":{"tags":[],"file":false,"time":1528620125579,"location":{"filename":"https.js","line":74}},"args":{"0":"authorized: false"},"contextString":"","argsString":"authorized: false","message":"authorized: false"}
{"type":"log","show":{"tags":false,"location":false,"time":false,"date":false},"context":{"tags":[],"file":false,"time":1528620125579,"location":{"filename":"https.js","line":75}},"args":{"0":"req.url: /"},"contextString":"","argsString":"req.url: /","message":"req.url: /"}
{"type":"log","show":{"tags":false,"location":false,"time":false,"date":false},"context":{"tags":[],"file":false,"time":1528620125581,"location":{"filename":"https.js","line":90}},"args":{"0":"-----------------------------------"},"contextString":"","argsString":"-----------------------------------","message":"-----------------------------------"}
{"type":"log","show":{"tags":false,"location":false,"time":false,"date":false},"context":{"tags":[],"file":false,"time":1528620125581,"location":{"filename":"https.js","line":91}},"args":{"0":" "},"contextString":"","argsString":" ","message":" "}
{"type":"log","show":{"tags":false,"location":false,"time":false,"date":false},"context":{"tags":[],"file":false,"time":1528620126011,"location":{"filename":"https.js","line":71}},"args":{"0":" "},"contextString":"","argsString":" ","message":" "}
{"type":"log","show":{"tags":false,"location":false,"time":false,"date":false},"context":{"tags":[],"file":false,"time":1528620126011,"location":{"filename":"https.js","line":72}},"args":{"0":"-----------------------------------"},"contextString":"","argsString":"-----------------------------------","message":"-----------------------------------"}
{"type":"log","show":{"tags":false,"location":false,"time":false,"date":false},"context":{"tags":[],"file":false,"time":1528620126011,"location":{"filename":"https.js","line":73}},"args":{"0":"Auth Checker"},"contextString":"","argsString":"Auth Checker","message":"Auth Checker"}
{"type":"log","show":{"tags":false,"location":false,"time":false,"date":false},"context":{"tags":[],"file":false,"time":1528620126011,"location":{"filename":"https.js","line":74}},"args":{"0":"authorized: false"},"contextString":"","argsString":"authorized: false","message":"authorized: false"}
{"type":"log","show":{"tags":false,"location":false,"time":false,"date":false},"context":{"tags":[],"file":false,"time":1528620126011,"location":{"filename":"https.js","line":75}},"args":{"0":"req.url: /favicon.ico"},"contextString":"","argsString":"req.url: /favicon.ico","message":"req.url: /favicon.ico"}
{"type":"log","show":{"tags":false,"location":false,"time":false,"date":false},"context":{"tags":[],"file":false,"time":1528620126012,"location":{"filename":"https.js","line":91}},"args":{"0":" "},"contextString":"","argsString":" ","message":" "}
{"type":"log","show":{"tags":false,"location":false,"time":false,"date":false},"context":{"tags":[],"file":false,"time":1528620126012,"location":{"filename":"https.js","line":90}},"args":{"0":"-----------------------------------"},"contextString":"","argsString":"-----------------------------------","message":"-----------------------------------"}
{"type":"log","show":{"tags":false,"location":false,"time":false,"date":false},"context":{"tags":[],"file":false,"time":1528620568552,"location":{"filename":"https.js","line":60}},"args":{"0":" "},"contextString":"","argsString":" ","message":" "}
{"type":"log","show":{"tags":false,"location":false,"time":false,"date":false},"context":{"tags":[],"file":false,"time":1528620568556,"location":{"filename":"https.js","line":61}},"args":{"0":"Server listening at https://localhost:443/"},"contextString":"","argsString":"Server listening at https://localhost:443/","message":"Server listening at https://localhost:443/"}
{"type":"log","show":{"tags":false,"location":false,"time":false,"date":false},"context":{"tags":[],"file":false,"time":1528620573223,"location":{"filename":"https.js","line":72}},"args":{"0":" "},"contextString":"","argsString":" ","message":" "}
{"type":"log","show":{"tags":false,"location":false,"time":false,"date":false},"context":{"tags":[],"file":false,"time":1528620573224,"location":{"filename":"https.js","line":73}},"args":{"0":"-----------------------------------"},"contextString":"","argsString":"-----------------------------------","message":"-----------------------------------"}
{"type":"log","show":{"tags":false,"location":false,"time":false,"date":false},"context":{"tags":[],"file":false,"time":1528620573224,"location":{"filename":"https.js","line":74}},"args":{"0":"Auth Checker"},"contextString":"","argsString":"Auth Checker","message":"Auth Checker"}
{"type":"log","show":{"tags":false,"location":false,"time":false,"date":false},"context":{"tags":[],"file":false,"time":1528620573224,"location":{"filename":"https.js","line":75}},"args":{"0":"authorized: false"},"contextString":"","argsString":"authorized: false","message":"authorized: false"}
{"type":"log","show":{"tags":false,"location":false,"time":false,"date":false},"context":{"tags":[],"file":false,"time":1528620573224,"location":{"filename":"https.js","line":76}},"args":{"0":"req.url: /"},"contextString":"","argsString":"req.url: /","message":"req.url: /"}
{"type":"log","show":{"tags":false,"location":false,"time":false,"date":false},"context":{"tags":[],"file":false,"time":1528620573228,"location":{"filename":"https.js","line":95}},"args":{"0":"-----------------------------------"},"contextString":"","argsString":"-----------------------------------","message":"-----------------------------------"}
{"type":"log","show":{"tags":false,"location":false,"time":false,"date":false},"context":{"tags":[],"file":false,"time":1528620573228,"location":{"filename":"https.js","line":96}},"args":{"0":" "},"contextString":"","argsString":" ","message":" "}
{"type":"log","show":{"tags":false,"location":false,"time":false,"date":false},"context":{"tags":[],"file":false,"time":1528620578615,"location":{"filename":"https.js","line":73}},"args":{"0":"-----------------------------------"},"contextString":"","argsString":"-----------------------------------","message":"-----------------------------------"}
{"type":"log","show":{"tags":false,"location":false,"time":false,"date":false},"context":{"tags":[],"file":false,"time":1528620578615,"location":{"filename":"https.js","line":72}},"args":{"0":" "},"contextString":"","argsString":" ","message":" "}
{"type":"log","show":{"tags":false,"location":false,"time":false,"date":false},"context":{"tags":[],"file":false,"time":1528620578615,"location":{"filename":"https.js","line":74}},"args":{"0":"Auth Checker"},"contextString":"","argsString":"Auth Checker","message":"Auth Checker"}
{"type":"log","show":{"tags":false,"location":false,"time":false,"date":false},"context":{"tags":[],"file":false,"time":1528620578615,"location":{"filename":"https.js","line":75}},"args":{"0":"authorized: false"},"contextString":"","argsString":"authorized: false","message":"authorized: false"}
{"type":"log","show":{"tags":false,"location":false,"time":false,"date":false},"context":{"tags":[],"file":false,"time":1528620578615,"location":{"filename":"https.js","line":76}},"args":{"0":"req.url: /"},"contextString":"","argsString":"req.url: /","message":"req.url: /"}
{"type":"log","show":{"tags":false,"location":false,"time":false,"date":false},"context":{"tags":[],"file":false,"time":1528620578616,"location":{"filename":"https.js","line":95}},"args":{"0":"-----------------------------------"},"contextString":"","argsString":"-----------------------------------","message":"-----------------------------------"}
{"type":"log","show":{"tags":false,"location":false,"time":false,"date":false},"context":{"tags":[],"file":false,"time":1528620578616,"location":{"filename":"https.js","line":96}},"args":{"0":" "},"contextString":"","argsString":" ","message":" "}
{"type":"log","show":{"tags":false,"location":false,"time":false,"date":false},"context":{"tags":[],"file":false,"time":1528620578890,"location":{"filename":"https.js","line":72}},"args":{"0":" "},"contextString":"","argsString":" ","message":" "}
{"type":"log","show":{"tags":false,"location":false,"time":false,"date":false},"context":{"tags":[],"file":false,"time":1528620578890,"location":{"filename":"https.js","line":73}},"args":{"0":"-----------------------------------"},"contextString":"","argsString":"-----------------------------------","message":"-----------------------------------"}
{"type":"log","show":{"tags":false,"location":false,"time":false,"date":false},"context":{"tags":[],"file":false,"time":1528620578890,"location":{"filename":"https.js","line":74}},"args":{"0":"Auth Checker"},"contextString":"","argsString":"Auth Checker","message":"Auth Checker"}
{"type":"log","show":{"tags":false,"location":false,"time":false,"date":false},"context":{"tags":[],"file":false,"time":1528620578891,"location":{"filename":"https.js","line":75}},"args":{"0":"authorized: false"},"contextString":"","argsString":"authorized: false","message":"authorized: false"}
{"type":"log","show":{"tags":false,"location":false,"time":false,"date":false},"context":{"tags":[],"file":false,"time":1528620578891,"location":{"filename":"https.js","line":76}},"args":{"0":"req.url: /"},"contextString":"","argsString":"req.url: /","message":"req.url: /"}
{"type":"log","show":{"tags":false,"location":false,"time":false,"date":false},"context":{"tags":[],"file":false,"time":1528620578891,"location":{"filename":"https.js","line":95}},"args":{"0":"-----------------------------------"},"contextString":"","argsString":"-----------------------------------","message":"-----------------------------------"}
{"type":"log","show":{"tags":false,"location":false,"time":false,"date":false},"context":{"tags":[],"file":false,"time":1528620578892,"location":{"filename":"https.js","line":96}},"args":{"0":" "},"contextString":"","argsString":" ","message":" "}
{"type":"log","show":{"tags":false,"location":false,"time":false,"date":false},"context":{"tags":[],"file":false,"time":1528620742937,"location":{"filename":"https.js","line":72}},"args":{"0":" "},"contextString":"","argsString":" ","message":" "}
{"type":"log","show":{"tags":false,"location":false,"time":false,"date":false},"context":{"tags":[],"file":false,"time":1528620742937,"location":{"filename":"https.js","line":73}},"args":{"0":"-----------------------------------"},"contextString":"","argsString":"-----------------------------------","message":"-----------------------------------"}
{"type":"log","show":{"tags":false,"location":false,"time":false,"date":false},"context":{"tags":[],"file":false,"time":1528620742937,"location":{"filename":"https.js","line":74}},"args":{"0":"Auth Checker"},"contextString":"","argsString":"Auth Checker","message":"Auth Checker"}
{"type":"log","show":{"tags":false,"location":false,"time":false,"date":false},"context":{"tags":[],"file":false,"time":1528620742938,"location":{"filename":"https.js","line":75}},"args":{"0":"authorized: false"},"contextString":"","argsString":"authorized: false","message":"authorized: false"}
{"type":"log","show":{"tags":false,"location":false,"time":false,"date":false},"context":{"tags":[],"file":false,"time":1528620742938,"location":{"filename":"https.js","line":76}},"args":{"0":"req.url: /"},"contextString":"","argsString":"req.url: /","message":"req.url: /"}
{"type":"log","show":{"tags":false,"location":false,"time":false,"date":false},"context":{"tags":[],"file":false,"time":1528620742938,"location":{"filename":"https.js","line":95}},"args":{"0":"-----------------------------------"},"contextString":"","argsString":"-----------------------------------","message":"-----------------------------------"}
{"type":"log","show":{"tags":false,"location":false,"time":false,"date":false},"context":{"tags":[],"file":false,"time":1528620742939,"location":{"filename":"https.js","line":96}},"args":{"0":" "},"contextString":"","argsString":" ","message":" "}
{"type":"log","show":{"tags":false,"location":false,"time":false,"date":false},"context":{"tags":[],"file":false,"time":1528620744167,"location":{"filename":"https.js","line":72}},"args":{"0":" "},"contextString":"","argsString":" ","message":" "}
{"type":"log","show":{"tags":false,"location":false,"time":false,"date":false},"context":{"tags":[],"file":false,"time":1528620744167,"location":{"filename":"https.js","line":73}},"args":{"0":"-----------------------------------"},"contextString":"","argsString":"-----------------------------------","message":"-----------------------------------"}
{"type":"log","show":{"tags":false,"location":false,"time":false,"date":false},"context":{"tags":[],"file":false,"time":1528620744167,"location":{"filename":"https.js","line":75}},"args":{"0":"authorized: false"},"contextString":"","argsString":"authorized: false","message":"authorized: false"}
{"type":"log","show":{"tags":false,"location":false,"time":false,"date":false},"context":{"tags":[],"file":false,"time":1528620744168,"location":{"filename":"https.js","line":76}},"args":{"0":"req.url: /"},"contextString":"","argsString":"req.url: /","message":"req.url: /"}
{"type":"log","show":{"tags":false,"location":false,"time":false,"date":false},"context":{"tags":[],"file":false,"time":1528620744168,"location":{"filename":"https.js","line":95}},"args":{"0":"-----------------------------------"},"contextString":"","argsString":"-----------------------------------","message":"-----------------------------------"}
{"type":"log","show":{"tags":false,"location":false,"time":false,"date":false},"context":{"tags":[],"file":false,"time":1528620744167,"location":{"filename":"https.js","line":74}},"args":{"0":"Auth Checker"},"contextString":"","argsString":"Auth Checker","message":"Auth Checker"}
{"type":"log","show":{"tags":false,"location":false,"time":false,"date":false},"context":{"tags":[],"file":false,"time":1528620744168,"location":{"filename":"https.js","line":96}},"args":{"0":" "},"contextString":"","argsString":" ","message":" "}
{"type":"log","show":{"tags":false,"location":false,"time":false,"date":false},"context":{"tags":[],"file":false,"time":1528620744797,"location":{"filename":"https.js","line":72}},"args":{"0":" "},"contextString":"","argsString":" ","message":" "}
{"type":"log","show":{"tags":false,"location":false,"time":false,"date":false},"context":{"tags":[],"file":false,"time":1528620744798,"location":{"filename":"https.js","line":73}},"args":{"0":"-----------------------------------"},"contextString":"","argsString":"-----------------------------------","message":"-----------------------------------"}
{"type":"log","show":{"tags":false,"location":false,"time":false,"date":false},"context":{"tags":[],"file":false,"time":1528620744798,"location":{"filename":"https.js","line":76}},"args":{"0":"req.url: /"},"contextString":"","argsString":"req.url: /","message":"req.url: /"}
{"type":"log","show":{"tags":false,"location":false,"time":false,"date":false},"context":{"tags":[],"file":false,"time":1528620744798,"location":{"filename":"https.js","line":74}},"args":{"0":"Auth Checker"},"contextString":"","argsString":"Auth Checker","message":"Auth Checker"}
{"type":"log","show":{"tags":false,"location":false,"time":false,"date":false},"context":{"tags":[],"file":false,"time":1528620744798,"location":{"filename":"https.js","line":75}},"args":{"0":"authorized: false"},"contextString":"","argsString":"authorized: false","message":"authorized: false"}
{"type":"log","show":{"tags":false,"location":false,"time":false,"date":false},"context":{"tags":[],"file":false,"time":1528620744798,"location":{"filename":"https.js","line":95}},"args":{"0":"-----------------------------------"},"contextString":"","argsString":"-----------------------------------","message":"-----------------------------------"}
{"type":"log","show":{"tags":false,"location":false,"time":false,"date":false},"context":{"tags":[],"file":false,"time":1528620744799,"location":{"filename":"https.js","line":96}},"args":{"0":" "},"contextString":"","argsString":" ","message":" "}
{"type":"log","show":{"tags":false,"location":false,"time":false,"date":false},"context":{"tags":[],"file":false,"time":1528620745199,"location":{"filename":"https.js","line":72}},"args":{"0":" "},"contextString":"","argsString":" ","message":" "}
{"type":"log","show":{"tags":false,"location":false,"time":false,"date":false},"context":{"tags":[],"file":false,"time":1528620745199,"location":{"filename":"https.js","line":74}},"args":{"0":"Auth Checker"},"contextString":"","argsString":"Auth Checker","message":"Auth Checker"}
{"type":"log","show":{"tags":false,"location":false,"time":false,"date":false},"context":{"tags":[],"file":false,"time":1528620745199,"location":{"filename":"https.js","line":73}},"args":{"0":"-----------------------------------"},"contextString":"","argsString":"-----------------------------------","message":"-----------------------------------"}
{"type":"log","show":{"tags":false,"location":false,"time":false,"date":false},"context":{"tags":[],"file":false,"time":1528620745199,"location":{"filename":"https.js","line":75}},"args":{"0":"authorized: false"},"contextString":"","argsString":"authorized: false","message":"authorized: false"}
{"type":"log","show":{"tags":false,"location":false,"time":false,"date":false},"context":{"tags":[],"file":false,"time":1528620745199,"location":{"filename":"https.js","line":76}},"args":{"0":"req.url: /"},"contextString":"","argsString":"req.url: /","message":"req.url: /"}
{"type":"log","show":{"tags":false,"location":false,"time":false,"date":false},"context":{"tags":[],"file":false,"time":1528620745200,"location":{"filename":"https.js","line":95}},"args":{"0":"-----------------------------------"},"contextString":"","argsString":"-----------------------------------","message":"-----------------------------------"}
{"type":"log","show":{"tags":false,"location":false,"time":false,"date":false},"context":{"tags":[],"file":false,"time":1528620745200,"location":{"filename":"https.js","line":96}},"args":{"0":" "},"contextString":"","argsString":" ","message":" "}
{"type":"log","show":{"tags":false,"location":false,"time":false,"date":false},"context":{"tags":[],"file":false,"time":1528620745456,"location":{"filename":"https.js","line":72}},"args":{"0":" "},"contextString":"","argsString":" ","message":" "}
{"type":"log","show":{"tags":false,"location":false,"time":false,"date":false},"context":{"tags":[],"file":false,"time":1528620745457,"location":{"filename":"https.js","line":73}},"args":{"0":"-----------------------------------"},"contextString":"","argsString":"-----------------------------------","message":"-----------------------------------"}
{"type":"log","show":{"tags":false,"location":false,"time":false,"date":false},"context":{"tags":[],"file":false,"time":1528620745457,"location":{"filename":"https.js","line":74}},"args":{"0":"Auth Checker"},"contextString":"","argsString":"Auth Checker","message":"Auth Checker"}
{"type":"log","show":{"tags":false,"location":false,"time":false,"date":false},"context":{"tags":[],"file":false,"time":1528620745457,"location":{"filename":"https.js","line":75}},"args":{"0":"authorized: false"},"contextString":"","argsString":"authorized: false","message":"authorized: false"}
{"type":"log","show":{"tags":false,"location":false,"time":false,"date":false},"context":{"tags":[],"file":false,"time":1528620745457,"location":{"filename":"https.js","line":76}},"args":{"0":"req.url: /"},"contextString":"","argsString":"req.url: /","message":"req.url: /"}
{"type":"log","show":{"tags":false,"location":false,"time":false,"date":false},"context":{"tags":[],"file":false,"time":1528620745458,"location":{"filename":"https.js","line":95}},"args":{"0":"-----------------------------------"},"contextString":"","argsString":"-----------------------------------","message":"-----------------------------------"}
{"type":"log","show":{"tags":false,"location":false,"time":false,"date":false},"context":{"tags":[],"file":false,"time":1528620745458,"location":{"filename":"https.js","line":96}},"args":{"0":" "},"contextString":"","argsString":" ","message":" "}
{"type":"log","show":{"tags":false,"location":false,"time":false,"date":false},"context":{"tags":[],"file":false,"time":1528621281042,"location":{"filename":"https.js","line":87}},"args":{"0":" "},"contextString":"","argsString":" ","message":" "}
{"type":"log","show":{"tags":false,"location":false,"time":false,"date":false},"context":{"tags":[],"file":false,"time":1528621281046,"location":{"filename":"https.js","line":88}},"args":{"0":"Server listening at https://localhost:443/"},"contextString":"","argsString":"Server listening at https://localhost:443/","message":"Server listening at https://localhost:443/"}
{"type":"log","show":{"tags":false,"location":false,"time":false,"date":false},"context":{"tags":[],"file":false,"time":1528621289210,"location":{"filename":"https.js","line":99}},"args":{"0":" "},"contextString":"","argsString":" ","message":" "}
{"type":"log","show":{"tags":false,"location":false,"time":false,"date":false},"context":{"tags":[],"file":false,"time":1528621289210,"location":{"filename":"https.js","line":100}},"args":{"0":"-----------------------------------"},"contextString":"","argsString":"-----------------------------------","message":"-----------------------------------"}
{"type":"log","show":{"tags":false,"location":false,"time":false,"date":false},"context":{"tags":[],"file":false,"time":1528621289210,"location":{"filename":"https.js","line":101}},"args":{"0":"Auth Checker"},"contextString":"","argsString":"Auth Checker","message":"Auth Checker"}
{"type":"log","show":{"tags":false,"location":false,"time":false,"date":false},"context":{"tags":[],"file":false,"time":1528621289210,"location":{"filename":"https.js","line":102}},"args":{"0":"authorized: false"},"contextString":"","argsString":"authorized: false","message":"authorized: false"}
{"type":"log","show":{"tags":false,"location":false,"time":false,"date":false},"context":{"tags":[],"file":false,"time":1528621289210,"location":{"filename":"https.js","line":103}},"args":{"0":"req.url: /images/logo-fav.png"},"contextString":"","argsString":"req.url: /images/logo-fav.png","message":"req.url: /images/logo-fav.png"}
{"type":"log","show":{"tags":false,"location":false,"time":false,"date":false},"context":{"tags":[],"file":false,"time":1528621289211,"location":{"filename":"https.js","line":117}},"args":{"0":"-----------------------------------"},"contextString":"","argsString":"-----------------------------------","message":"-----------------------------------"}
{"type":"log","show":{"tags":false,"location":false,"time":false,"date":false},"context":{"tags":[],"file":false,"time":1528621289212,"location":{"filename":"https.js","line":118}},"args":{"0":" "},"contextString":"","argsString":" ","message":" "}
{"type":"log","show":{"tags":false,"location":false,"time":false,"date":false},"context":{"tags":[],"file":false,"time":1528621301441,"location":{"filename":"https.js","line":99}},"args":{"0":" "},"contextString":"","argsString":" ","message":" "}
{"type":"log","show":{"tags":false,"location":false,"time":false,"date":false},"context":{"tags":[],"file":false,"time":1528621301441,"location":{"filename":"https.js","line":100}},"args":{"0":"-----------------------------------"},"contextString":"","argsString":"-----------------------------------","message":"-----------------------------------"}
{"type":"log","show":{"tags":false,"location":false,"time":false,"date":false},"context":{"tags":[],"file":false,"time":1528621301441,"location":{"filename":"https.js","line":101}},"args":{"0":"Auth Checker"},"contextString":"","argsString":"Auth Checker","message":"Auth Checker"}
{"type":"log","show":{"tags":false,"location":false,"time":false,"date":false},"context":{"tags":[],"file":false,"time":1528621301441,"location":{"filename":"https.js","line":102}},"args":{"0":"authorized: false"},"contextString":"","argsString":"authorized: false","message":"authorized: false"}
{"type":"log","show":{"tags":false,"location":false,"time":false,"date":false},"context":{"tags":[],"file":false,"time":1528621301441,"location":{"filename":"https.js","line":103}},"args":{"0":"req.url: /https-logs/fonts/fontello.woff2"},"contextString":"","argsString":"req.url: /https-logs/fonts/fontello.woff2","message":"req.url: /https-logs/fonts/fontello.woff2"}
{"type":"log","show":{"tags":false,"location":false,"time":false,"date":false},"context":{"tags":[],"file":false,"time":1528621301442,"location":{"filename":"https.js","line":117}},"args":{"0":"-----------------------------------"},"contextString":"","argsString":"-----------------------------------","message":"-----------------------------------"}
{"type":"log","show":{"tags":false,"location":false,"time":false,"date":false},"context":{"tags":[],"file":false,"time":1528621301442,"location":{"filename":"https.js","line":118}},"args":{"0":" "},"contextString":"","argsString":" ","message":" "}
{"type":"log","show":{"tags":false,"location":false,"time":false,"date":false},"context":{"tags":[],"file":false,"time":1528621453807,"location":{"filename":"https.js","line":87}},"args":{"0":" "},"contextString":"","argsString":" ","message":" "}
{"type":"log","show":{"tags":false,"location":false,"time":false,"date":false},"context":{"tags":[],"file":false,"time":1528621453811,"location":{"filename":"https.js","line":88}},"args":{"0":"Server listening at https://localhost:443/"},"contextString":"","argsString":"Server listening at https://localhost:443/","message":"Server listening at https://localhost:443/"}
{"type":"log","show":{"tags":false,"location":false,"time":false,"date":false},"context":{"tags":[],"file":false,"time":1528621597017,"location":{"filename":"https.js","line":87}},"args":{"0":" "},"contextString":"","argsString":" ","message":" "}
{"type":"log","show":{"tags":false,"location":false,"time":false,"date":false},"context":{"tags":[],"file":false,"time":1528621597023,"location":{"filename":"https.js","line":88}},"args":{"0":"Server listening at https://localhost:443/"},"contextString":"","argsString":"Server listening at https://localhost:443/","message":"Server listening at https://localhost:443/"}
{"type":"log","show":{"tags":false,"location":false,"time":false,"date":false},"context":{"tags":[],"file":false,"time":1528621732355,"location":{"filename":"https.js","line":87}},"args":{"0":" "},"contextString":"","argsString":" ","message":" "}
{"type":"log","show":{"tags":false,"location":false,"time":false,"date":false},"context":{"tags":[],"file":false,"time":1528621732360,"location":{"filename":"https.js","line":88}},"args":{"0":"Server listening at https://localhost:443/"},"contextString":"","argsString":"Server listening at https://localhost:443/","message":"Server listening at https://localhost:443/"}
{"type":"log","show":{"tags":false,"location":false,"time":false,"date":false},"context":{"tags":[],"file":false,"time":1528622509246,"location":{"filename":"https.js","line":87}},"args":{"0":" "},"contextString":"","argsString":" ","message":" "}
{"type":"log","show":{"tags":false,"location":false,"time":false,"date":false},"context":{"tags":[],"file":false,"time":1528622509250,"location":{"filename":"https.js","line":88}},"args":{"0":"Server listening at https://localhost:443/"},"contextString":"","argsString":"Server listening at https://localhost:443/","message":"Server listening at https://localhost:443/"}
{"type":"log","show":{"tags":false,"location":false,"time":false,"date":false},"context":{"tags":[],"file":false,"time":1528623228869,"location":{"filename":"https.js","line":87}},"args":{"0":" "},"contextString":"","argsString":" ","message":" "}
{"type":"log","show":{"tags":false,"location":false,"time":false,"date":false},"context":{"tags":[],"file":false,"time":1528623228873,"location":{"filename":"https.js","line":88}},"args":{"0":"Server listening at https://localhost:443/"},"contextString":"","argsString":"Server listening at https://localhost:443/","message":"Server listening at https://localhost:443/"}
{"type":"log","show":{"tags":false,"location":false,"time":false,"date":false},"context":{"tags":[],"file":false,"time":1528623887672,"location":{"filename":"https.js","line":87}},"args":{"0":" "},"contextString":"","argsString":" ","message":" "}
{"type":"log","show":{"tags":false,"location":false,"time":false,"date":false},"context":{"tags":[],"file":false,"time":1528623887676,"location":{"filename":"https.js","line":88}},"args":{"0":"Server listening at https://localhost:443/"},"contextString":"","argsString":"Server listening at https://localhost:443/","message":"Server listening at https://localhost:443/"}
{"type":"log","show":{"tags":false,"location":false,"time":false,"date":false},"context":{"tags":[],"file":false,"time":1528626992578,"location":{"filename":"https.js","line":110}},"args":{"0":{}},"contextString":"","argsString":"{}","message":"{}"}
{"type":"log","show":{"tags":false,"location":false,"time":false,"date":false},"context":{"tags":[],"file":false,"time":1528627005308,"location":{"filename":"https.js","line":110}},"args":{"0":{}},"contextString":"","argsString":"{}","message":"{}"}
{"type":"log","show":{"tags":false,"location":false,"time":false,"date":false},"context":{"tags":[],"file":false,"time":1528627019946,"location":{"filename":"https.js","line":110}},"args":{"0":{}},"contextString":"","argsString":"{}","message":"{}"}
{"type":"log","show":{"tags":false,"location":false,"time":false,"date":false},"context":{"tags":[],"file":false,"time":1528627073939,"location":{"filename":"https.js","line":104}},"args":{"0":" "},"contextString":"","argsString":" ","message":" "}
{"type":"log","show":{"tags":false,"location":false,"time":false,"date":false},"context":{"tags":[],"file":false,"time":1528627073942,"location":{"filename":"https.js","line":105}},"args":{"0":"Server listening at https://localhost:443/"},"contextString":"","argsString":"Server listening at https://localhost:443/","message":"Server listening at https://localhost:443/"}
{"type":"log","show":{"tags":false,"location":false,"time":false,"date":false},"context":{"tags":[],"file":false,"time":1528627102304,"location":{"filename":"https.js","line":117}},"args":{"0":"-----------------------------------"},"contextString":"","argsString":"-----------------------------------","message":"-----------------------------------"}
{"type":"log","show":{"tags":false,"location":false,"time":false,"date":false},"context":{"tags":[],"file":false,"time":1528627102304,"location":{"filename":"https.js","line":116}},"args":{"0":" "},"contextString":"","argsString":" ","message":" "}
{"type":"log","show":{"tags":false,"location":false,"time":false,"date":false},"context":{"tags":[],"file":false,"time":1528627102305,"location":{"filename":"https.js","line":118}},"args":{"0":"Auth Checker"},"contextString":"","argsString":"Auth Checker","message":"Auth Checker"}
{"type":"log","show":{"tags":false,"location":false,"time":false,"date":false},"context":{"tags":[],"file":false,"time":1528627102305,"location":{"filename":"https.js","line":119}},"args":{"0":"authorized: false"},"contextString":"","argsString":"authorized: false","message":"authorized: false"}
{"type":"log","show":{"tags":false,"location":false,"time":false,"date":false},"context":{"tags":[],"file":false,"time":1528627102305,"location":{"filename":"https.js","line":120}},"args":{"0":"req.url: /images/logo-fav.png"},"contextString":"","argsString":"req.url: /images/logo-fav.png","message":"req.url: /images/logo-fav.png"}
{"type":"log","show":{"tags":false,"location":false,"time":false,"date":false},"context":{"tags":[],"file":false,"time":1528627102306,"location":{"filename":"https.js","line":134}},"args":{"0":"-----------------------------------"},"contextString":"","argsString":"-----------------------------------","message":"-----------------------------------"}
{"type":"log","show":{"tags":false,"location":false,"time":false,"date":false},"context":{"tags":[],"file":false,"time":1528627102306,"location":{"filename":"https.js","line":135}},"args":{"0":" "},"contextString":"","argsString":" ","message":" "}
{"type":"log","show":{"tags":false,"location":false,"time":false,"date":false},"context":{"tags":[],"file":false,"time":1528627106836,"location":{"filename":"https.js","line":116}},"args":{"0":" "},"contextString":"","argsString":" ","message":" "}
{"type":"log","show":{"tags":false,"location":false,"time":false,"date":false},"context":{"tags":[],"file":false,"time":1528627106836,"location":{"filename":"https.js","line":117}},"args":{"0":"-----------------------------------"},"contextString":"","argsString":"-----------------------------------","message":"-----------------------------------"}
{"type":"log","show":{"tags":false,"location":false,"time":false,"date":false},"context":{"tags":[],"file":false,"time":1528627106836,"location":{"filename":"https.js","line":118}},"args":{"0":"Auth Checker"},"contextString":"","argsString":"Auth Checker","message":"Auth Checker"}
{"type":"log","show":{"tags":false,"location":false,"time":false,"date":false},"context":{"tags":[],"file":false,"time":1528627106837,"location":{"filename":"https.js","line":119}},"args":{"0":"authorized: false"},"contextString":"","argsString":"authorized: false","message":"authorized: false"}
{"type":"log","show":{"tags":false,"location":false,"time":false,"date":false},"context":{"tags":[],"file":false,"time":1528627106837,"location":{"filename":"https.js","line":120}},"args":{"0":"req.url: /images/logo-fav.png"},"contextString":"","argsString":"req.url: /images/logo-fav.png","message":"req.url: /images/logo-fav.png"}
{"type":"log","show":{"tags":false,"location":false,"time":false,"date":false},"context":{"tags":[],"file":false,"time":1528627106838,"location":{"filename":"https.js","line":134}},"args":{"0":"-----------------------------------"},"contextString":"","argsString":"-----------------------------------","message":"-----------------------------------"}
{"type":"log","show":{"tags":false,"location":false,"time":false,"date":false},"context":{"tags":[],"file":false,"time":1528627106838,"location":{"filename":"https.js","line":135}},"args":{"0":" "},"contextString":"","argsString":" ","message":" "}
{"type":"log","show":{"tags":false,"location":false,"time":false,"date":false},"context":{"tags":[],"file":false,"time":1528627111171,"location":{"filename":"https.js","line":116}},"args":{"0":" "},"contextString":"","argsString":" ","message":" "}
{"type":"log","show":{"tags":false,"location":false,"time":false,"date":false},"context":{"tags":[],"file":false,"time":1528627111172,"location":{"filename":"https.js","line":117}},"args":{"0":"-----------------------------------"},"contextString":"","argsString":"-----------------------------------","message":"-----------------------------------"}
{"type":"log","show":{"tags":false,"location":false,"time":false,"date":false},"context":{"tags":[],"file":false,"time":1528627111172,"location":{"filename":"https.js","line":118}},"args":{"0":"Auth Checker"},"contextString":"","argsString":"Auth Checker","message":"Auth Checker"}
{"type":"log","show":{"tags":false,"location":false,"time":false,"date":false},"context":{"tags":[],"file":false,"time":1528627111172,"location":{"filename":"https.js","line":119}},"args":{"0":"authorized: false"},"contextString":"","argsString":"authorized: false","message":"authorized: false"}
{"type":"log","show":{"tags":false,"location":false,"time":false,"date":false},"context":{"tags":[],"file":false,"time":1528627111172,"location":{"filename":"https.js","line":120}},"args":{"0":"req.url: /images/logo-fav.png"},"contextString":"","argsString":"req.url: /images/logo-fav.png","message":"req.url: /images/logo-fav.png"}
{"type":"log","show":{"tags":false,"location":false,"time":false,"date":false},"context":{"tags":[],"file":false,"time":1528627111173,"location":{"filename":"https.js","line":134}},"args":{"0":"-----------------------------------"},"contextString":"","argsString":"-----------------------------------","message":"-----------------------------------"}
{"type":"log","show":{"tags":false,"location":false,"time":false,"date":false},"context":{"tags":[],"file":false,"time":1528627111173,"location":{"filename":"https.js","line":135}},"args":{"0":" "},"contextString":"","argsString":" ","message":" "}
{"type":"log","show":{"tags":false,"location":false,"time":false,"date":false},"context":{"tags":[],"file":false,"time":1528627252696,"location":{"filename":"https.js","line":95}},"args":{"0":"Master 18192 is running"},"contextString":"","argsString":"Master 18192 is running","message":"Master 18192 is running"}
{"type":"log","show":{"tags":false,"location":false,"time":false,"date":false},"context":{"tags":[],"file":false,"time":1528627254702,"location":{"filename":"https.js","line":106}},"args":{"0":" "},"contextString":"","argsString":" ","message":" "}
{"type":"log","show":{"tags":false,"location":false,"time":false,"date":false},"context":{"tags":[],"file":false,"time":1528627254707,"location":{"filename":"https.js","line":107}},"args":{"0":"Server listening at https://localhost:443/"},"contextString":"","argsString":"Server listening at https://localhost:443/","message":"Server listening at https://localhost:443/"}
{"type":"log","show":{"tags":false,"location":false,"time":false,"date":false},"context":{"tags":[],"file":false,"time":1528627255000,"location":{"filename":"https.js","line":106}},"args":{"0":" "},"contextString":"","argsString":" ","message":" "}
{"type":"log","show":{"tags":false,"location":false,"time":false,"date":false},"context":{"tags":[],"file":false,"time":1528627255005,"location":{"filename":"https.js","line":107}},"args":{"0":"Server listening at https://localhost:443/"},"contextString":"","argsString":"Server listening at https://localhost:443/","message":"Server listening at https://localhost:443/"}
{"type":"log","show":{"tags":false,"location":false,"time":false,"date":false},"context":{"tags":[],"file":false,"time":1528627255007,"location":{"filename":"https.js","line":106}},"args":{"0":" "},"contextString":"","argsString":" ","message":" "}
{"type":"log","show":{"tags":false,"location":false,"time":false,"date":false},"context":{"tags":[],"file":false,"time":1528627255012,"location":{"filename":"https.js","line":107}},"args":{"0":"Server listening at https://localhost:443/"},"contextString":"","argsString":"Server listening at https://localhost:443/","message":"Server listening at https://localhost:443/"}
{"type":"log","show":{"tags":false,"location":false,"time":false,"date":false},"context":{"tags":[],"file":false,"time":1528627255006,"location":{"filename":"https.js","line":106}},"args":{"0":" "},"contextString":"","argsString":" ","message":" "}
{"type":"log","show":{"tags":false,"location":false,"time":false,"date":false},"context":{"tags":[],"file":false,"time":1528627255012,"location":{"filename":"https.js","line":107}},"args":{"0":"Server listening at https://localhost:443/"},"contextString":"","argsString":"Server listening at https://localhost:443/","message":"Server listening at https://localhost:443/"}
{"type":"log","show":{"tags":false,"location":false,"time":false,"date":false},"context":{"tags":[],"file":false,"time":1528627260368,"location":{"filename":"https.js","line":120}},"args":{"0":" "},"contextString":"","argsString":" ","message":" "}
{"type":"log","show":{"tags":false,"location":false,"time":false,"date":false},"context":{"tags":[],"file":false,"time":1528627260369,"location":{"filename":"https.js","line":121}},"args":{"0":"-----------------------------------"},"contextString":"","argsString":"-----------------------------------","message":"-----------------------------------"}
{"type":"log","show":{"tags":false,"location":false,"time":false,"date":false},"context":{"tags":[],"file":false,"time":1528627260369,"location":{"filename":"https.js","line":122}},"args":{"0":"Auth Checker"},"contextString":"","argsString":"Auth Checker","message":"Auth Checker"}
{"type":"log","show":{"tags":false,"location":false,"time":false,"date":false},"context":{"tags":[],"file":false,"time":1528627260369,"location":{"filename":"https.js","line":123}},"args":{"0":"authorized: false"},"contextString":"","argsString":"authorized: false","message":"authorized: false"}
{"type":"log","show":{"tags":false,"location":false,"time":false,"date":false},"context":{"tags":[],"file":false,"time":1528627260369,"location":{"filename":"https.js","line":124}},"args":{"0":"req.url: /images/logo-fav.png"},"contextString":"","argsString":"req.url: /images/logo-fav.png","message":"req.url: /images/logo-fav.png"}
{"type":"log","show":{"tags":false,"location":false,"time":false,"date":false},"context":{"tags":[],"file":false,"time":1528627260371,"location":{"filename":"https.js","line":138}},"args":{"0":"-----------------------------------"},"contextString":"","argsString":"-----------------------------------","message":"-----------------------------------"}
{"type":"log","show":{"tags":false,"location":false,"time":false,"date":false},"context":{"tags":[],"file":false,"time":1528627260371,"location":{"filename":"https.js","line":139}},"args":{"0":" "},"contextString":"","argsString":" ","message":" "}
{"type":"log","show":{"tags":false,"location":false,"time":false,"date":false},"context":{"tags":[],"file":false,"time":1528627283041,"location":{"filename":"https.js","line":95}},"args":{"0":"Master 18279 is running"},"contextString":"","argsString":"Master 18279 is running","message":"Master 18279 is running"}
{"type":"log","show":{"tags":false,"location":false,"time":false,"date":false},"context":{"tags":[],"file":false,"time":1528627285212,"location":{"filename":"https.js","line":106}},"args":{"0":" "},"contextString":"","argsString":" ","message":" "}
{"type":"log","show":{"tags":false,"location":false,"time":false,"date":false},"context":{"tags":[],"file":false,"time":1528627285217,"location":{"filename":"https.js","line":107}},"args":{"0":"Server listening at https://localhost:443/"},"contextString":"","argsString":"Server listening at https://localhost:443/","message":"Server listening at https://localhost:443/"}
{"type":"log","show":{"tags":false,"location":false,"time":false,"date":false},"context":{"tags":[],"file":false,"time":1528627285227,"location":{"filename":"https.js","line":106}},"args":{"0":" "},"contextString":"","argsString":" ","message":" "}
{"type":"log","show":{"tags":false,"location":false,"time":false,"date":false},"context":{"tags":[],"file":false,"time":1528627285236,"location":{"filename":"https.js","line":107}},"args":{"0":"Server listening at https://localhost:443/"},"contextString":"","argsString":"Server listening at https://localhost:443/","message":"Server listening at https://localhost:443/"}
{"type":"log","show":{"tags":false,"location":false,"time":false,"date":false},"context":{"tags":[],"file":false,"time":1528627285267,"location":{"filename":"https.js","line":106}},"args":{"0":" "},"contextString":"","argsString":" ","message":" "}
{"type":"log","show":{"tags":false,"location":false,"time":false,"date":false},"context":{"tags":[],"file":false,"time":1528627285275,"location":{"filename":"https.js","line":107}},"args":{"0":"Server listening at https://localhost:443/"},"contextString":"","argsString":"Server listening at https://localhost:443/","message":"Server listening at https://localhost:443/"}
{"type":"log","show":{"tags":false,"location":false,"time":false,"date":false},"context":{"tags":[],"file":false,"time":1528627285378,"location":{"filename":"https.js","line":106}},"args":{"0":" "},"contextString":"","argsString":" ","message":" "}
{"type":"log","show":{"tags":false,"location":false,"time":false,"date":false},"context":{"tags":[],"file":false,"time":1528627285387,"location":{"filename":"https.js","line":107}},"args":{"0":"Server listening at https://localhost:443/"},"contextString":"","argsString":"Server listening at https://localhost:443/","message":"Server listening at https://localhost:443/"}
{"type":"log","show":{"tags":false,"location":false,"time":false,"date":false},"context":{"tags":[],"file":false,"time":1528627290900,"location":{"filename":"https.js","line":120}},"args":{"0":" "},"contextString":"","argsString":" ","message":" "}
{"type":"log","show":{"tags":false,"location":false,"time":false,"date":false},"context":{"tags":[],"file":false,"time":1528627290900,"location":{"filename":"https.js","line":121}},"args":{"0":"-----------------------------------"},"contextString":"","argsString":"-----------------------------------","message":"-----------------------------------"}
{"type":"log","show":{"tags":false,"location":false,"time":false,"date":false},"context":{"tags":[],"file":false,"time":1528627290900,"location":{"filename":"https.js","line":122}},"args":{"0":"Auth Checker"},"contextString":"","argsString":"Auth Checker","message":"Auth Checker"}
{"type":"log","show":{"tags":false,"location":false,"time":false,"date":false},"context":{"tags":[],"file":false,"time":1528627290900,"location":{"filename":"https.js","line":123}},"args":{"0":"authorized: false"},"contextString":"","argsString":"authorized: false","message":"authorized: false"}
{"type":"log","show":{"tags":false,"location":false,"time":false,"date":false},"context":{"tags":[],"file":false,"time":1528627290901,"location":{"filename":"https.js","line":124}},"args":{"0":"req.url: /images/logo-fav.png"},"contextString":"","argsString":"req.url: /images/logo-fav.png","message":"req.url: /images/logo-fav.png"}
{"type":"log","show":{"tags":false,"location":false,"time":false,"date":false},"context":{"tags":[],"file":false,"time":1528627290903,"location":{"filename":"https.js","line":138}},"args":{"0":"-----------------------------------"},"contextString":"","argsString":"-----------------------------------","message":"-----------------------------------"}
{"type":"log","show":{"tags":false,"location":false,"time":false,"date":false},"context":{"tags":[],"file":false,"time":1528627290903,"location":{"filename":"https.js","line":139}},"args":{"0":" "},"contextString":"","argsString":" ","message":" "}
